Var,Frutto
SANREMO,LUNGO
SANREMO,LUNGO
SANREMO,LUNGO
SANREMO,LUNGO
SANREMO,LUNGO
SANREMO,LUNGO
SANREMO,LUNGO
SANREMO,LUNGO
SANREMO,LUNGO
SANREMO,LUNGO
SANREMO,LUNGO
SANREMO,LUNGO
SANREMO,LUNGO
SANREMO,LUNGO
SANREMO,LUNGO
SANREMO,LUNGO
SANREMO,LUNGO
SANREMO,LUNGO
SANREMO,LUNGO
SANREMO,LUNGO
SANREMO,LUNGO
SANREMO,LUNGO
SANREMO,LUNGO
SANREMO,LUNGO
SANREMO,LUNGO
SANREMO,LUNGO
SANREMO,LUNGO
SANREMO,LUNGO
SANREMO,LUNGO
SANREMO,LUNGO
SANREMO,LUNGO
SANREMO,LUNGO
SANREMO,LUNGO
SANREMO,LUNGO
SANREMO,LUNGO
SANREMO,LUNGO
SANREMO,LUNGO
SANREMO,TONDO
SANREMO,TONDO
SANREMO,TONDO
SANREMO,TONDO
SANREMO,TONDO
SANREMO,TONDO
SANREMO,TONDO
SANREMO,TONDO
SANREMO,TONDO
SANREMO,TONDO
SANREMO,TONDO
SANREMO,TONDO
SANREMO,TONDO
SANREMO,TONDO
SANREMO,TONDO
SANREMO,TONDO
SANREMO,TONDO
SANREMO,TONDO
SANREMO,TONDO
SANREMO,TONDO
SANREMO,TONDO
SANREMO,TONDO
SANREMO,TONDO
SANREMO,TONDO
SANREMO,TONDO
SANREMO,TONDO
SANREMO,TONDO
SANREMO,TONDO
SANREMO,TONDO
SANREMO,TONDO
SANREMO,TONDO
SANREMO,TONDO
SANREMO,OVALE
SANREMO,OVALE
SANREMO,OVALE
SANREMO,OVALE
SANREMO,OVALE
SANREMO,OVALE
SANREMO,OVALE
SANREMO,OVALE
SANREMO,OVALE
SANREMO,OVALE
SANREMO,OVALE
SANREMO,OVALE
SANREMO,OVALE
SANREMO,OVALE
SANREMO,OVALE
SANREMO,OVALE
SANREMO,OVALE
SANREMO,OVALE
SANREMO,OVALE
SANREMO,OVALE
SANREMO,OVALE
SANREMO,OVALE
SANREMO,OVALE
SANREMO,OVALE
SANREMO,OVALE
SANREMO,OVALE
SANREMO,OVALE
SANREMO,OVALE
SANREMO,OVALE
SANREMO,OVALE
SANREMO,OVALE
SANREMO,OVALE
SANREMO,OVALE
SANREMO,OVALE
SANREMO,OVALE
SANREMO,OVALE
SANREMO,OVALE
SANREMO,OVALE
SANREMO,OVALE
SANREMO,OVALE
SANREMO,OVALE
SANREMO,OVALE
SANREMO,OVALE
SANREMO,OVALE
SANREMO,OVALE
SANREMO,OVALE
SANREMO,OVALE
SANREMO,OVALE
SANREMO,OVALE
SANREMO,OVALE
SANREMO,OVALE
SANREMO,OVALE
SANREMO,OVALE
SANREMO,OVALE
SANREMO,OVALE
SANREMO,OVALE
SANREMO,OVALE
SANREMO,OVALE
SANREMO,OVALE
SANREMO,OVALE
SANREMO,OVALE
FANO,LUNGO
FANO,LUNGO
FANO,LUNGO
FANO,LUNGO
FANO,LUNGO
FANO,LUNGO
FANO,LUNGO
FANO,LUNGO
FANO,LUNGO
FANO,LUNGO
FANO,LUNGO
FANO,LUNGO
FANO,LUNGO
FANO,LUNGO
FANO,LUNGO
FANO,LUNGO
FANO,LUNGO
FANO,LUNGO
FANO,LUNGO
FANO,LUNGO
FANO,LUNGO
FANO,LUNGO
FANO,LUNGO
FANO,LUNGO
FANO,LUNGO
FANO,LUNGO
FANO,LUNGO
FANO,LUNGO
FANO,LUNGO
FANO,LUNGO
FANO,LUNGO
FANO,LUNGO
FANO,LUNGO
FANO,LUNGO
FANO,LUNGO
FANO,LUNGO
FANO,LUNGO
FANO,LUNGO
FANO,LUNGO
FANO,LUNGO
FANO,LUNGO
FANO,LUNGO
FANO,LUNGO
FANO,LUNGO
FANO,LUNGO
FANO,TONDO
FANO,TONDO
FANO,TONDO
FANO,TONDO
FANO,TONDO
FANO,TONDO
FANO,TONDO
FANO,TONDO
FANO,TONDO
FANO,TONDO
FANO,TONDO
FANO,TONDO
FANO,TONDO
FANO,TONDO
FANO,TONDO
FANO,TONDO
FANO,TONDO
FANO,TONDO
FANO,TONDO
FANO,TONDO
FANO,TONDO
FANO,TONDO
FANO,TONDO
FANO,TONDO
FANO,TONDO
FANO,TONDO
FANO,TONDO
FANO,TONDO
FANO,TONDO
FANO,TONDO
FANO,TONDO
FANO,TONDO
FANO,TONDO
FANO,TONDO
FANO,TONDO
FANO,TONDO
FANO,TONDO
FANO,TONDO
FANO,TONDO
FANO,TONDO
FANO,TONDO
FANO,TONDO
FANO,TONDO
FANO,TONDO
FANO,TONDO
FANO,TONDO
FANO,TONDO
FANO,TONDO
FANO,TONDO
FANO,TONDO
FANO,TONDO
FANO,TONDO
FANO,TONDO
FANO,TONDO
FANO,TONDO
FANO,TONDO
FANO,TONDO
FANO,TONDO
FANO,TONDO
FANO,TONDO
FANO,TONDO
FANO,TONDO
FANO,TONDO
FANO,TONDO
FANO,TONDO
FANO,TONDO
FANO,TONDO
FANO,TONDO
FANO,TONDO
FANO,TONDO
FANO,TONDO
FANO,TONDO
FANO,TONDO
FANO,TONDO
FANO,OVALE
FANO,OVALE
FANO,OVALE
FANO,OVALE
FANO,OVALE
FANO,OVALE
FANO,OVALE
FANO,OVALE
FANO,OVALE
FANO,OVALE
FANO,OVALE
FANO,OVALE
FANO,OVALE
FANO,OVALE
FANO,OVALE
FANO,OVALE
FANO,OVALE
FANO,OVALE
FANO,OVALE
FANO,OVALE
FANO,OVALE
FANO,OVALE
FANO,OVALE
FANO,OVALE
FANO,OVALE
FANO,OVALE
FANO,OVALE
FANO,OVALE
FANO,OVALE
FANO,OVALE
FANO,OVALE
FANO,OVALE
FANO,OVALE
FANO,OVALE
FANO,OVALE
FANO,OVALE
FANO,OVALE
FANO,OVALE
FANO,OVALE
FANO,OVALE
FANO,OVALE
FANO,OVALE
FANO,OVALE
FANO,OVALE
FANO,OVALE
FANO,OVALE
FANO,OVALE
FANO,OVALE
FANO,OVALE
FANO,OVALE
FANO,OVALE
FANO,OVALE
FANO,OVALE
FANO,OVALE
FANO,OVALE
FANO,OVALE
FANO,OVALE
FANO,OVALE
FANO,OVALE